layer,raw_mse,normalized_mse,target_power,reconstruction_power,power_ratio,cosine_similarity,pearson_correlation
0,3.021301746368408,0.23545502126216888,12.831757545471191,5.786067962646484,0.4509178102016449,0.9050300717353821,0.9049938917160034
1,0.1585274636745453,0.06484632939100266,2.4446635246276855,2.1575522422790527,0.8825559020042419,0.9674385786056519,0.9674392938613892
2,0.06679119169712067,0.04383959621191025,1.5235357284545898,1.4735113382339478,0.9671655893325806,0.9778503775596619,0.9778503775596619
3,0.04096232354640961,0.03581707552075386,1.1436535120010376,1.1408110857009888,0.9975146055221558,0.9820700287818909,0.9820687770843506
4,0.02869625948369503,0.03152088820934296,0.910388708114624,0.9241429567337036,1.0151081085205078,0.9843855500221252,0.9843853712081909
5,0.02119389921426773,0.030054939910769463,0.7051718831062317,0.7263598442077637,1.0300464630126953,0.9853028655052185,0.9853024482727051
6,0.0181797556579113,0.02809082716703415,0.6471776366233826,0.6651051044464111,1.0277010202407837,0.986238420009613,0.9862388968467712
7,0.011656482703983784,0.02272910252213478,0.5128439664840698,0.5332885384559631,1.0398651361465454,0.9890464544296265,0.9890469908714294
