{
  "condition": "pilot_only_jammer_estimated_csi",
  "steps": 500,
  "best_step": 500,
  "final_loss": 0.06154421716928482,
  "final_window_mean_loss": 0.09492379494688728,
  "loss_slope": -0.007585281946442344,
  "power_ratio_slope": 0.008900711888616736,
  "correlation_slope": 0.003670554608106613,
  "plateau_status": "inconclusive",
  "final_power_ratio": 0.9263593293726444,
  "final_correlation": 0.9721657559275627,
  "optimally_rescaled_nmse": 0.1485142707824707,
  "csi_nmse": 0.40538832545280457,
  "data_evm": 1.2955007553100586,
  "channel_diagnostics": {
    "requested_snr_db": 10.0,
    "measured_pre_channel_snr_db": 9.883089065551758,
    "requested_total_grid_jsr_db": 0.0,
    "measured_pre_channel_total_grid_jsr_db": 5.177193429517501e-07,
    "active_resource_jsr_db": 12.041200637817383,
    "jammer_type": "pilot_only_jammer_estimated_csi",
    "jammer_active_resource_count": 128,
    "pilot_jammer_overlap_count": 128,
    "data_jammer_overlap_count": 0,
    "pilot_overlap_fraction": 1.0,
    "data_overlap_fraction": 0.0,
    "legitimate_channel_average_power": 1.6046500205993652,
    "jammer_channel_average_power": 0.8345274925231934,
    "csi_nmse": 0.40538832545280457,
    "pilot_evm": 2.0035877227783203,
    "data_evm": 1.2955007553100586,
    "equalized_symbol_mse": 1.6783220767974854,
    "estimated_csi_post_equalization_sinr_db": 3.525705337524414,
    "oracle_csi_post_equalization_sinr_db": 2.5857245922088623,
    "oracle_csi_equalized_data_mse": 0.5513501763343811,
    "maximum_equalizer_gain": 8.8422212600708,
    "fifth_percentile_legitimate_channel_power": 0.08703228831291199,
    "post_channel_total_grid_jsr_db": -3.9505958557128906
  },
  "jsr_convention": "requested JSR is total-grid; active-resource JSR is reported separately",
  "hashes": {
    "latent_target": "87c6ce8a131b6b07a305f0868efb3dd13e6c13a9c17c2bda510f853503210b5a",
    "initial_model_parameters": "c71e2b7e4403a5f16597c3dde1d8d3c65156fd788b17f990ea2bd3aedcdd81c1",
    "legitimate_channel": "3ddd59719298a6b1149b77b0e15556f8ebf7b8651b1ddc6116a20821f86c5ae3",
    "jammer_channel": "40f3b7d68dfb67ada97ca223c557d3339b7601e44e5f7ab39cf3f378100f97a9",
    "awgn": "7ccc557f1f1f633d60dc47c8f494b82aa0cb80b8f6ac0b8c78f772e1a26e8525",
    "raw_jammer_waveform": "2ef8a858980226be9975faae2b0348bf862b1c1794b364edbc74d518f8104394",
    "jammer_mask": "c0f2ae3ed9dee87238b6f3473667d9afc4409daf923c396aa5bbd67d323acc24",
    "pilot_mask": "c0f2ae3ed9dee87238b6f3473667d9afc4409daf923c396aa5bbd67d323acc24",
    "transmitted_data_symbols_at_initialization": "2d9e9766583934257b0fab1c0b67c30b5550c5b79f1825a0f0b60a9949a9b6a6"
  },
  "diagnostic_only_oracle_jammer_subtraction": false
}