{
  "5.0": {
    "post_eq_sinr_empirical_db": {
      "mean": 5.011691469699144,
      "std": 0.10890687218512575,
      "median": 5.005465030670166,
      "worst_decile": 4.872012424468994,
      "bootstrap_mean_ci95_lower": 4.9913647174835205,
      "bootstrap_mean_ci95_upper": 5.030096262693405
    },
    "equalized_symbol_nmse": {
      "mean": 0.31547677423805,
      "std": 0.007911025083686449,
      "median": 0.3157096207141876,
      "worst_decile": 0.32568574845790865,
      "bootstrap_mean_ci95_lower": 0.31402960303239524,
      "bootstrap_mean_ci95_upper": 0.3168678069487214
    },
    "aggregate_layer_nmse": {
      "mean": 0.4301306784618646,
      "std": 0.025327154837593575,
      "median": 0.4287829101085663,
      "worst_decile": 0.4567630410194397,
      "bootstrap_mean_ci95_lower": 0.4260530674364418,
      "bootstrap_mean_ci95_upper": 0.4344135739374906
    },
    "summed_latent_nmse": {
      "mean": 0.21708404028322548,
      "std": 0.043634628680319976,
      "median": 0.21419349312782288,
      "worst_decile": 0.2563107818365097,
      "bootstrap_mean_ci95_lower": 0.21015463932417333,
      "bootstrap_mean_ci95_upper": 0.22444516199175268
    },
    "summed_latent_snr_db": {
      "mean": 6.7022755444049835,
      "std": 0.737253025725473,
      "median": 6.685710430145264,
      "worst_decile": 5.912331914901733,
      "bootstrap_mean_ci95_lower": 6.577826153486967,
      "bootstrap_mean_ci95_upper": 6.82639392465353
    },
    "si_sdr_db": {
      "mean": -0.46474788458726835,
      "std": 3.9373110302723577,
      "median": 0.1993226408958435,
      "worst_decile": -5.271749544143676,
      "bootstrap_mean_ci95_lower": -1.1330910238903016,
      "bootstrap_mean_ci95_upper": 0.18373915599659085
    },
    "delta_si_sdr_db": {
      "mean": -2.720880470747943,
      "std": 2.7273799166677133,
      "median": -2.5257164239883423,
      "worst_decile": -5.684955692291259,
      "bootstrap_mean_ci95_lower": -3.1760874416067963,
      "bootstrap_mean_ci95_upper": -2.2612537663662806
    },
    "waveform_snr_db": {
      "mean": 2.8474086927599274,
      "std": 1.7711336892492224,
      "median": 2.9552531242370605,
      "worst_decile": 0.7400185406208039,
      "bootstrap_mean_ci95_lower": 2.514071705227252,
      "bootstrap_mean_ci95_upper": 3.150851663609501
    },
    "delta_waveform_snr_db": {
      "mean": -1.5274297989089973,
      "std": 1.4698594848446749,
      "median": -1.4761919975280762,
      "worst_decile": -3.236887001991272,
      "bootstrap_mean_ci95_lower": -1.7970918426290154,
      "bootstrap_mean_ci95_upper": -1.277686501853168
    },
    "stft_ratio": {
      "mean": 1.2557706907690962,
      "std": 0.1059658121011886,
      "median": 1.2308837501986891,
      "worst_decile": 1.415540324531128,
      "bootstrap_mean_ci95_lower": 1.2379281801758546,
      "bootstrap_mean_ci95_upper": 1.2734426622448134
    },
    "transmit_symbol_power": {
      "mean": 0.9999999552965164,
      "std": 6.409231772305538e-08,
      "median": 1.0,
      "worst_decile": 1.0,
      "bootstrap_mean_ci95_lower": 0.9999999436549842,
      "bootstrap_mean_ci95_upper": 0.9999999664723873
    },
    "awgn_power": {
      "mean": 0.3154586411546916,
      "std": 0.007763917082496716,
      "median": 0.31582146883010864,
      "worst_decile": 0.325095134973526,
      "bootstrap_mean_ci95_lower": 0.31421308196149766,
      "bootstrap_mean_ci95_upper": 0.31673275912180543
    },
    "channel_estimation_nmse": {
      "mean": 0.0,
      "std": 0.0,
      "median": 0.0,
      "worst_decile": 0.0,
      "bootstrap_mean_ci95_lower": 0.0,
      "bootstrap_mean_ci95_upper": 0.0
    },
    "pilot_evm": {
      "mean": 0.5608030022121966,
      "std": 0.02620708974204551,
      "median": 0.5609747171401978,
      "worst_decile": 0.5941616117954254,
      "bootstrap_mean_ci95_lower": 0.5559752532280982,
      "bootstrap_mean_ci95_upper": 0.5654709385707974
    },
    "equalized_symbol_correlation": {
      "mean": 0.8719294504262507,
      "std": 0.0033194481560784115,
      "median": 0.8719164729118347,
      "worst_decile": 0.8767274022102356,
      "bootstrap_mean_ci95_lower": 0.8713745404966176,
      "bootstrap_mean_ci95_upper": 0.8724684086628258
    },
    "mean_h_power": {
      "mean": 1.0,
      "std": 0.0,
      "median": 1.0,
      "worst_decile": 1.0,
      "bootstrap_mean_ci95_lower": 1.0,
      "bootstrap_mean_ci95_upper": 1.0
    },
    "median_h_power": {
      "mean": 1.0,
      "std": 0.0,
      "median": 1.0,
      "worst_decile": 1.0,
      "bootstrap_mean_ci95_lower": 1.0,
      "bootstrap_mean_ci95_upper": 1.0
    },
    "minimum_h_power": {
      "mean": 1.0,
      "std": 0.0,
      "median": 1.0,
      "worst_decile": 1.0,
      "bootstrap_mean_ci95_lower": 1.0,
      "bootstrap_mean_ci95_upper": 1.0
    },
    "h_power_p05": {
      "mean": 1.0,
      "std": 0.0,
      "median": 1.0,
      "worst_decile": 1.0,
      "bootstrap_mean_ci95_lower": 1.0,
      "bootstrap_mean_ci95_upper": 1.0
    },
    "h_power_p10": {
      "mean": 1.0,
      "std": 0.0,
      "median": 1.0,
      "worst_decile": 1.0,
      "bootstrap_mean_ci95_lower": 1.0,
      "bootstrap_mean_ci95_upper": 1.0
    },
    "h_power_below_0_1_fraction": {
      "mean": 0.0,
      "std": 0.0,
      "median": 0.0,
      "worst_decile": 0.0,
      "bootstrap_mean_ci95_lower": 0.0,
      "bootstrap_mean_ci95_upper": 0.0
    },
    "h_power_below_0_01_fraction": {
      "mean": 0.0,
      "std": 0.0,
      "median": 0.0,
      "worst_decile": 0.0,
      "bootstrap_mean_ci95_lower": 0.0,
      "bootstrap_mean_ci95_upper": 0.0
    },
    "oracle_empirical_minus_theory_db": {
      "mean": 0.011691596359014511,
      "std": 0.10890690170276425,
      "median": 0.005465030670166016,
      "worst_decile": 0.1536050796508789,
      "bootstrap_mean_ci95_lower": -0.005338191986083984,
      "bootstrap_mean_ci95_upper": 0.02890174463391304
    }
  },
  "10.0": {
    "post_eq_sinr_empirical_db": {
      "mean": 9.978019125759602,
      "std": 0.0961669531431614,
      "median": 9.970839500427246,
      "worst_decile": 9.858241176605224,
      "bootstrap_mean_ci95_lower": 9.960731722414494,
      "bootstrap_mean_ci95_upper": 9.994232177734375
    },
    "equalized_symbol_nmse": {
      "mean": 0.10053202928975224,
      "std": 0.0022229965516076884,
      "median": 0.10065760463476181,
      "worst_decile": 0.10331798940896988,
      "bootstrap_mean_ci95_lower": 0.10013901232741773,
      "bootstrap_mean_ci95_upper": 0.1009162351838313
    },
    "aggregate_layer_nmse": {
      "mean": 0.27132394281215966,
      "std": 0.027283751442643434,
      "median": 0.2664843201637268,
      "worst_decile": 0.30174131095409396,
      "bootstrap_mean_ci95_lower": 0.2668285579420626,
      "bootstrap_mean_ci95_upper": 0.2757980852620676
    },
    "summed_latent_nmse": {
      "mean": 0.1564133372157812,
      "std": 0.043126997569723984,
      "median": 0.1534329652786255,
      "worst_decile": 0.18688590526580812,
      "bootstrap_mean_ci95_lower": 0.1500239148736,
      "bootstrap_mean_ci95_upper": 0.1647453090408817
    },
    "summed_latent_snr_db": {
      "mean": 8.16076436266303,
      "std": 0.8664894837914536,
      "median": 8.140543937683105,
      "worst_decile": 7.284236097335816,
      "bootstrap_mean_ci95_lower": 8.008829845115542,
      "bootstrap_mean_ci95_upper": 8.293629141524434
    },
    "si_sdr_db": {
      "mean": 1.3678009124123491,
      "std": 4.005004188174808,
      "median": 2.2930335998535156,
      "worst_decile": -3.75083372592926,
      "bootstrap_mean_ci95_lower": 0.7411712630419061,
      "bootstrap_mean_ci95_upper": 2.0187859429279342
    },
    "delta_si_sdr_db": {
      "mean": -0.8883316737483256,
      "std": 2.724211648296402,
      "median": -0.7201423645019531,
      "worst_decile": -3.0590985000133513,
      "bootstrap_mean_ci95_lower": -1.3279106769477949,
      "bootstrap_mean_ci95_upper": -0.44376239052508026
    },