layer,nmse
0,0.1738787591457367
1,0.5431407690048218
2,0.6914203763008118
3,0.7568951845169067
4,0.7792770266532898
5,0.7938635349273682
6,0.7927168607711792
7,0.7831021547317505
