{
  "condition": "full_barrage_oracle_subtraction",
  "steps": 500,
  "best_step": 500,
  "final_loss": 0.11121845990419388,
  "final_window_mean_loss": 0.15762875093655151,
  "loss_slope": -0.010189326988025145,
  "power_ratio_slope": 0.01214462561024861,
  "correlation_slope": 0.005148586698553779,
  "plateau_status": "inconclusive",
  "final_power_ratio": 0.8586165606975555,
  "final_correlation": 0.9484048411250114,
  "optimally_rescaled_nmse": 0.21972735226154327,
  "csi_nmse": 0.0015119616873562336,
  "data_evm": 0.6108664870262146,
  "channel_diagnostics": {
    "requested_snr_db": 10.0,
    "measured_pre_channel_snr_db": 9.883089065551758,
    "requested_total_grid_jsr_db": 0.0,
    "measured_pre_channel_total_grid_jsr_db": -2.588596998975845e-07,
    "active_resource_jsr_db": -2.588596998975845e-07,
    "jammer_type": "full_barrage_oracle_subtraction",
    "jammer_active_resource_count": 2048,
    "pilot_jammer_overlap_count": 128,
    "data_jammer_overlap_count": 1920,
    "pilot_overlap_fraction": 1.0,
    "data_overlap_fraction": 1.0,
    "legitimate_channel_average_power": 1.6046500205993652,
    "jammer_channel_average_power": 0.8345274925231934,
    "csi_nmse": 0.0015119616873562336,
    "pilot_evm": 0.24573597311973572,
    "data_evm": 0.6108664870262146,
    "equalized_symbol_mse": 0.3731578588485718,
    "estimated_csi_post_equalization_sinr_db": 4.2740325927734375,
    "oracle_csi_post_equalization_sinr_db": 2.5857245922088623,
    "oracle_csi_equalized_data_mse": 0.5513502359390259,
    "maximum_equalizer_gain": 6.014764308929443,
    "fifth_percentile_legitimate_channel_power": 0.08703228831291199,
    "post_channel_total_grid_jsr_db": -120.0
  },
  "jsr_convention": "requested JSR is total-grid; active-resource JSR is reported separately",
  "hashes": {
    "latent_target": "87c6ce8a131b6b07a305f0868efb3dd13e6c13a9c17c2bda510f853503210b5a",
    "initial_model_parameters": "c71e2b7e4403a5f16597c3dde1d8d3c65156fd788b17f990ea2bd3aedcdd81c1",
    "legitimate_channel": "3ddd59719298a6b1149b77b0e15556f8ebf7b8651b1ddc6116a20821f86c5ae3",
    "jammer_channel": "40f3b7d68dfb67ada97ca223c557d3339b7601e44e5f7ab39cf3f378100f97a9",
    "awgn": "7ccc557f1f1f633d60dc47c8f494b82aa0cb80b8f6ac0b8c78f772e1a26e8525",
    "raw_jammer_waveform": "e586dd1229000510130698e2b11da832f0a0eb1a368553a90c4c6e89353e6295",
    "jammer_mask": "85074aa95911014688e2f7d40b65bb6188303b65c0285aef22678b0e75a461fb",
    "pilot_mask": "c0f2ae3ed9dee87238b6f3473667d9afc4409daf923c396aa5bbd67d323acc24",
    "transmitted_data_symbols_at_initialization": "2d9e9766583934257b0fab1c0b67c30b5550c5b79f1825a0f0b60a9949a9b6a6"
  },
  "diagnostic_only_oracle_jammer_subtraction": true
}