{
  "condition": "data_only_barrage_oracle_csi",
  "steps": 500,
  "best_step": 500,
  "final_loss": 0.1981557458639145,
  "final_window_mean_loss": 0.2577888383106752,
  "loss_slope": -0.012730270624160767,
  "power_ratio_slope": 0.014648230517791076,
  "correlation_slope": 0.006880671124566685,
  "plateau_status": "inconclusive",
  "final_power_ratio": 0.7371819000691175,
  "final_correlation": 0.9052236080169678,
  "optimally_rescaled_nmse": 0.3202526867389679,
  "csi_nmse": 0.0015119602903723717,
  "data_evm": 1.6523947715759277,
  "channel_diagnostics": {
    "requested_snr_db": 10.0,
    "measured_pre_channel_snr_db": 9.883089065551758,
    "requested_total_grid_jsr_db": 0.0,
    "measured_pre_channel_total_grid_jsr_db": 5.177193429517501e-07,
    "active_resource_jsr_db": 0.2802874743938446,
    "jammer_type": "data_only_barrage_oracle_csi",
    "jammer_active_resource_count": 1920,
    "pilot_jammer_overlap_count": 0,
    "data_jammer_overlap_count": 1920,
    "pilot_overlap_fraction": 0.0,
    "data_overlap_fraction": 1.0,
    "legitimate_channel_average_power": 1.6046500205993652,
    "jammer_channel_average_power": 0.8345274925231934,
    "csi_nmse": 0.0015119602903723717,
    "pilot_evm": 0.24573597311973572,
    "data_evm": 1.6523947715759277,
    "equalized_symbol_mse": 2.7304086685180664,
    "estimated_csi_post_equalization_sinr_db": -3.0310959815979004,
    "oracle_csi_post_equalization_sinr_db": -4.362277030944824,
    "oracle_csi_equalized_data_mse": 2.7304086685180664,
    "maximum_equalizer_gain": 6.014765739440918,
    "fifth_percentile_legitimate_channel_power": 0.08703228831291199,
    "post_channel_total_grid_jsr_db": -2.757525682449341
  },
  "jsr_convention": "requested JSR is total-grid; active-resource JSR is reported separately",
  "hashes": {
    "latent_target": "87c6ce8a131b6b07a305f0868efb3dd13e6c13a9c17c2bda510f853503210b5a",
    "initial_model_parameters": "c71e2b7e4403a5f16597c3dde1d8d3c65156fd788b17f990ea2bd3aedcdd81c1",
    "legitimate_channel": "3ddd59719298a6b1149b77b0e15556f8ebf7b8651b1ddc6116a20821f86c5ae3",
    "jammer_channel": "40f3b7d68dfb67ada97ca223c557d3339b7601e44e5f7ab39cf3f378100f97a9",
    "awgn": "7ccc557f1f1f633d60dc47c8f494b82aa0cb80b8f6ac0b8c78f772e1a26e8525",
    "raw_jammer_waveform": "fd937a20fa25a5d7d095a266f75bce576c1ea97641597a1f5e57e0c62cd04c45",
    "jammer_mask": "9a874c204ebf16f5410eb60d93558f4decae25d714d6d8649a5ea5ef5b5d4a14",
    "pilot_mask": "c0f2ae3ed9dee87238b6f3473667d9afc4409daf923c396aa5bbd67d323acc24",
    "transmitted_data_symbols_at_initialization": "2d9e9766583934257b0fab1c0b67c30b5550c5b79f1825a0f0b60a9949a9b6a6"
  },
  "diagnostic_only_oracle_jammer_subtraction": false
}