configured_rho,delayed_current_pearson,delayed_current_spearman,measured_rho,realization,snr_db,top_10_overlap,top_25_overlap,top_50_overlap
0.9879462291836983,0.9314316291712991,0.89381288455469,0.9742000699043274,0,5.0,0.8062169312169309,0.8367724867724862,0.8724867724867726
0.9879462291836983,0.954340507389015,0.9392695354437965,0.9887215495109558,1,5.0,0.7675264550264549,0.875132275132275,0.9000000000000001
0.9879462291836983,0.939265773182496,0.9314545393864533,0.9816287755966187,0,10.0,0.7197420634920638,0.8571759259259257,0.9017195767195768
0.9879462291836983,0.982520300535405,0.9707265545590696,0.991213321685791,1,10.0,0.9106316137566142,0.9259259259259258,0.9300099206349205
0.9879462291836983,0.9733408249465995,0.9583018515634324,0.9887043833732605,0,15.0,0.871362433862434,0.9073082010582006,0.9078042328042331
0.9879462291836983,0.9569694827975174,0.9512559942729331,0.9858722686767578,1,15.0,0.7556216931216931,0.8566137566137568,0.9162533068783065
