layer,nmse
0,0.18597808480262756
1,0.5537298321723938
2,0.6874322295188904
3,0.7429141998291016
4,0.7633324265480042
5,0.7824972867965698
6,0.7796967029571533
7,0.7786661386489868
