layer,nmse
0,0.08737310022115707
1,0.12357661128044128
2,0.14562521874904633
3,0.1549275517463684
4,0.11987098306417465
5,0.13596999645233154
6,0.12461943924427032
7,0.11534847319126129
