{
  "direct_cf2": {
    "clean_si_sdr_db": 2.2619882519356906,
    "si_sdr_db": 1.8425165521912277,
    "delta_si_sdr_db": -0.41947169974446297,
    "clean_waveform_snr_db": 4.378468594281003,
    "waveform_snr_db": 4.0515024005726445,
    "delta_waveform_snr_db": -0.32696619370835833,
    "clean_stft_l1": 0.07928910391638055,
    "stft_l1": 0.08268333648447879,
    "stft_ratio": 1.0490705511461034,
    "aggregate_layer_nmse": 0.19095740490593016,
    "summed_latent_nmse": 0.11438062216620892,
    "summed_latent_snr_db": 9.572989277541637,
    "summed_latent_correlation": 0.9409565338864923,
    "summed_latent_power_ratio": 0.9135616486892104
  },
  "ideal_ofdm": {
    "clean_si_sdr_db": 2.2619882519356906,
    "si_sdr_db": 1.8425165521912277,
    "delta_si_sdr_db": -0.41947169974446297,
    "clean_waveform_snr_db": 4.378468594281003,
    "waveform_snr_db": 4.0515024005726445,
    "delta_waveform_snr_db": -0.32696619370835833,
    "clean_stft_l1": 0.07928910391638055,
    "stft_l1": 0.08268333648447879,
    "stft_ratio": 1.0490705511461034,
    "aggregate_layer_nmse": 0.19095740490593016,
    "summed_latent_nmse": 0.11438062216620892,
    "summed_latent_snr_db": 9.572989277541637,
    "summed_latent_correlation": 0.9409565338864923,
    "summed_latent_power_ratio": 0.9135616486892104
  },
  "equivalence_gate": {
    "passed": true,
    "checks": {
      "si_sdr": true,
      "waveform_snr": true,
      "stft": true,
      "summed_latent": true
    },
    "si_sdr_difference_db": 0.0,
    "waveform_snr_difference_db": 0.0,
    "stft_ratio_to_direct": 1.0,
    "summed_latent_nmse_increase": 0.0
  }
}