layer,nmse
0,0.03482188284397125
1,0.030202064663171768
2,0.03628842160105705
3,0.06004820391535759
4,0.02523837983608246
5,0.02575710043311119
6,0.025574184954166412
7,0.021282155066728592
