layer,nmse
0,0.12203610688447952
1,0.18430206179618835
2,0.21111539006233215
3,0.2260306179523468
4,0.18410298228263855
5,0.2077709287405014
6,0.19565925002098083
7,0.1809036135673523
