{
  "aggregate": [
    {
      "csi_nmse_db": {
        "max": 14.711033938927102,
        "mean": 5.201617961640694,
        "median": 5.190892563044958,
        "min": -2.9332966653970036,
        "n": 100,
        "p05": -0.5180799022435455,
        "p95": 10.56578468458652,
        "std": 3.438486951954239
      },
      "csi_nmse_linear": {
        "max": 29.587167739868164,
        "mean": 4.569692158699036,
        "median": 3.3043744564056396,
        "min": 0.5089443922042847,
        "n": 100,
        "p05": 0.8875677198171615,
        "p95": 11.397894906997676,
        "std": 4.417470693597468
      },
      "data_evm": {
        "max": 3.258524179458618,
        "mean": 1.4061671257019044,
        "median": 1.179424524307251,
        "min": 0.7280718684196472,
        "n": 100,
        "p05": 0.876011061668396,
        "p95": 2.610097587108612,
        "std": 0.5342841795512789
      },
      "equalized_symbol_mse": {
        "max": 10.617980003356934,
        "mean": 2.2627655446529387,
        "median": 1.3910422325134277,
        "min": 0.5300886631011963,
        "n": 100,
        "p05": 0.7673993408679962,
        "p95": 6.812641906738281,
        "std": 1.9698679128810164
      },
      "estimated_minus_oracle_sinr_db": {
        "max": 14.61366868019104,
        "mean": 4.196543447673321,
        "median": 4.209855794906616,
        "min": -5.48181289434433,
        "n": 100,
        "p05": -0.12296146154403681,
        "p95": 9.096369862556458,
        "std": 3.1729057259672047
      },
      "estimated_post_eq_sinr_db": {
        "db_of_mean_linear_sinr": 9.116176054117918,
        "max": 14.349689483642578,
        "mean": 8.076886182129384,
        "mean_per_seed_sinr_db": 8.076886182129384,
        "median": 8.346461296081543,
        "min": -3.535154104232788,
        "n": 100,
        "p05": 3.046436405181885,
        "p95": 12.808309841156005,
        "std": 3.2643266725069613
      },
      "estimated_post_eq_sinr_linear": {
        "max": 27.22506332397461,
        "mean": 8.1586369022727,
        "median": 6.833546161651611,
        "min": 0.4430824816226959,
        "n": 100,
        "p05": 2.01905021071434,
        "p95": 19.093572807312007,
        "std": 5.450802872495703
      },
      "estimator": "block_frequency_ls",
      "jammer_type": "pilot",
      "oracle_data_evm": {
        "max": 1.9749329090118408,
        "mean": 0.7085500052571296,
        "median": 0.6384055018424988,
        "min": 0.20571571588516235,
        "n": 100,
        "p05": 0.3339820131659508,
        "p95": 1.4799187719821927,
        "std": 0.3493283131768793
      },
      "oracle_equalized_symbol_mse": {
        "max": 3.900359869003296,
        "mean": 0.6240733836218715,
        "median": 0.40756160020828247,
        "min": 0.042318958789110184,
        "n": 100,
        "p05": 0.11154556646943092,
        "p95": 2.1905394554138176,
        "std": 0.7101206383099744
      },
      "oracle_minus_estimated_sinr_db": {
        "max": 5.48181289434433,
        "mean": -4.196543447673321,
        "median": -4.2128260135650635,
        "min": -14.61366868019104,
        "n": 100,
        "p05": -9.096369862556458,
        "p95": 0.12296146154403607,
        "std": 3.1729057259672047
      },
      "oracle_post_eq_sinr_db": {
        "db_of_mean_linear_sinr": 5.453616743544513,
        "max": 13.734650611877441,
        "mean": 3.8803427344560624,
        "mean_per_seed_sinr_db": 3.8803427344560624,
        "median": 3.891310930252075,
        "min": -5.911046981811523,
        "n": 100,
        "p05": -3.404029881954193,
        "p95": 9.525601387023926,
        "std": 3.8434236457101862
      },
      "oracle_post_eq_sinr_linear": {
        "max": 23.63007164001465,
        "mean": 3.5104409685730933,
        "median": 2.4498026371002197,
        "min": 0.2563866078853607,
        "n": 100,
        "p05": 0.45680936723947524,
        "p95": 8.965464878082274,
        "std": 3.3560109338933506
      },
      "pilot_evm": {
        "max": 2.8980441093444824,
        "mean": 1.549426526427269,
        "median": 1.5096707344055176,
        "min": 0.8450552225112915,
        "n": 100,
        "p05": 1.0704405784606934,
        "p95": 2.101352870464325,
        "std": 0.3469473413512551
      },
      "requested_snr_db": 10.0,
      "sample_count": 100
    },
    {
      "csi_nmse_db": {
        "max": 14.959532550879274,
        "mean": 4.880048116882495,
        "median": 5.091971392986081,
        "min": -5.442443247369107,
        "n": 100,
        "p05": -1.6390045805860676,
        "p95": 11.015659165595196,
        "std": 3.8664307977690178
      },
      "csi_nmse_linear": {
        "max": 31.329484939575195,
        "mean": 4.530115356147289,
        "median": 3.2299599647521973,
        "min": 0.2855983376502991,
        "n": 100,
        "p05": 0.6860552996397019,
        "p95": 12.636862897872922,
        "std": 4.835693859017258
      },
      "data_evm": {
        "max": 7.376053333282471,
        "mean": 1.3228872013092041,
        "median": 1.154278039932251,
        "min": 0.5285138487815857,
        "n": 100,
        "p05": 0.8195856928825378,
        "p95": 2.3231778979301447,
        "std": 0.8037176462739397
      },
      "equalized_symbol_mse": {
        "max": 54.40616226196289,
        "mean": 2.395992600917816,
        "median": 1.3323578834533691,
        "min": 0.2793269157409668,
        "n": 100,
        "p05": 0.6717216581106186,
        "p95": 5.398676633834836,
        "std": 5.651428404557629
      },
      "estimated_minus_oracle_sinr_db": {
        "max": 14.88434886932373,
        "mean": 4.294466480612755,
        "median": 3.707141876220703,
        "min": -2.257197141647339,
        "n": 100,
        "p05": -0.24057092666625973,
        "p95": 10.654033125936984,
        "std": 3.244311575632073
      },
      "estimated_post_eq_sinr_db": {
        "db_of_mean_linear_sinr": 8.947814611884407,
        "max": 13.795007705688477,
        "mean": 8.174809215068818,
        "mean_per_seed_sinr_db": 8.174809215068818,
        "median": 8.440486907958984,
        "min": 0.15240859985351562,
        "n": 100,
        "p05": 3.8178918242454527,
        "p95": 12.43928394317627,
        "std": 2.679126897646954
      },
      "estimated_post_eq_sinr_linear": {
        "max": 23.960769653320312,
        "mean": 7.848406001329422,
        "median": 6.983107089996338,
        "min": 1.0357164144515991,
        "n": 100,
        "p05": 2.4089210867881774,
        "p95": 17.53592643737793,
        "std": 4.753395249076386
      },
      "estimator": "dft_tap_ls",
      "jammer_type": "pilot",
      "oracle_data_evm": {
        "max": 1.9749329090118408,
        "mean": 0.7085500052571296,
        "median": 0.6384055018424988,
        "min": 0.20571571588516235,
        "n": 100,
        "p05": 0.3339820131659508,
        "p95": 1.4799187719821927,
        "std": 0.3493283131768793
      },
      "oracle_equalized_symbol_mse": {
        "max": 3.900359869003296,
        "mean": 0.6240733836218715,
        "median": 0.40756160020828247,
        "min": 0.042318958789110184,
        "n": 100,
        "p05": 0.11154556646943092,
        "p95": 2.1905394554138176,
        "std": 0.7101206383099744
      },
      "oracle_minus_estimated_sinr_db": {
        "max": 2.257197141647339,
        "mean": -4.294466480612755,
        "median": -3.7985129356384277,
        "min": -14.88434886932373,
        "n": 100,
        "p05": -10.654033125936985,
        "p95": 0.24057092666625932,
        "std": 3.244311575632073
      },
      "oracle_post_eq_sinr_db": {
        "db_of_mean_linear_sinr": 5.453616743544513,
        "max": 13.734650611877441,
        "mean": 3.8803427344560624,
        "mean_per_seed_sinr_db": 3.8803427344560624,
        "median": 3.891310930252075,
        "min": -5.911046981811523,
        "n": 100,
        "p05": -3.404029881954193,
        "p95": 9.525601387023926,
        "std": 3.8434236457101862
      },