{
  "5.0": {
    "post_eq_sinr_empirical_db": {
      "mean": -2.0013918530225965,
      "std": 4.6787649397198,
      "median": -1.5594794750213623,
      "worst_decile": -7.44631643295288,
      "bootstrap_mean_ci95_lower": -2.83997405539003,
      "bootstrap_mean_ci95_upper": -1.2454229589029637
    },
    "equalized_symbol_nmse": {
      "mean": 4.648058152175508,
      "std": 19.07403855402973,
      "median": 1.403424620628357,
      "worst_decile": 5.559012508392333,
      "bootstrap_mean_ci95_lower": 2.0865623033605516,
      "bootstrap_mean_ci95_upper": 8.329224397661164
    },
    "aggregate_layer_nmse": {
      "mean": 0.56219597090967,
      "std": 0.09736244389649137,
      "median": 0.5653104782104492,
      "worst_decile": 0.6779798984527587,
      "bootstrap_mean_ci95_lower": 0.545403363648802,
      "bootstrap_mean_ci95_upper": 0.5790027307812124
    },
    "summed_latent_nmse": {
      "mean": 0.3060329459840432,
      "std": 0.1088243049344772,
      "median": 0.277159720659256,
      "worst_decile": 0.4496920704841613,
      "bootstrap_mean_ci95_lower": 0.2890923290979117,
      "bootstrap_mean_ci95_upper": 0.3252358138561249
    },
    "summed_latent_snr_db": {
      "mean": 5.375743815675378,
      "std": 1.3852879397363407,
      "median": 5.500048637390137,
      "worst_decile": 3.4716270685195925,
      "bootstrap_mean_ci95_lower": 5.1251899264752865,
      "bootstrap_mean_ci95_upper": 5.6143386689946055
    },
    "si_sdr_db": {
      "mean": -3.702635519846808,
      "std": 5.111123180662617,
      "median": -2.5522873401641846,
      "worst_decile": -11.24575662612915,
      "bootstrap_mean_ci95_lower": -4.634581255726516,
      "bootstrap_mean_ci95_upper": -2.831782377557829
    },
    "delta_si_sdr_db": {
      "mean": -5.958768106007483,
      "std": 4.706490649105693,
      "median": -5.1666871309280396,
      "worst_decile": -12.940167903900146,
      "bootstrap_mean_ci95_lower": -6.849756148352753,
      "bootstrap_mean_ci95_upper": -5.125781124050263
    },
    "waveform_snr_db": {
      "mean": 1.8256022515852237,
      "std": 1.6564059490698007,
      "median": 1.704695224761963,
      "worst_decile": -0.16808090358972544,
      "bootstrap_mean_ci95_lower": 1.538886306079803,
      "bootstrap_mean_ci95_upper": 2.1095053110911977
    },
    "delta_waveform_snr_db": {
      "mean": -2.549236240083701,
      "std": 1.9076934324841404,
      "median": -2.304593324661255,
      "worst_decile": -5.075792026519776,
      "bootstrap_mean_ci95_lower": -2.889205750921974,
      "bootstrap_mean_ci95_upper": -2.2175511794775957
    },
    "stft_ratio": {
      "mean": 1.5243360319959127,
      "std": 0.3005137556425957,
      "median": 1.4668030035740094,
      "worst_decile": 1.8846964870582372,
      "bootstrap_mean_ci95_lower": 1.4713254610574678,
      "bootstrap_mean_ci95_upper": 1.580504543916165
    },
    "transmit_symbol_power": {
      "mean": 0.9999999552965164,
      "std": 6.409231772305538e-08,
      "median": 1.0,
      "worst_decile": 1.0,
      "bootstrap_mean_ci95_lower": 0.9999999436549842,
      "bootstrap_mean_ci95_upper": 0.9999999664723873
    },
    "awgn_power": {
      "mean": 0.3154586411546916,
      "std": 0.007763917082496716,
      "median": 0.31582146883010864,
      "worst_decile": 0.325095134973526,
      "bootstrap_mean_ci95_lower": 0.31421308196149766,
      "bootstrap_mean_ci95_upper": 0.31673275912180543
    },
    "channel_estimation_nmse": {
      "mean": 0.0,
      "std": 0.0,
      "median": 0.0,
      "worst_decile": 0.0,
      "bootstrap_mean_ci95_lower": 0.0,
      "bootstrap_mean_ci95_upper": 0.0
    },
    "pilot_evm": {
      "mean": 0.5986372795887291,
      "std": 0.1504271009075889,
      "median": 0.5726833343505859,
      "worst_decile": 0.7679436147212981,
      "bootstrap_mean_ci95_lower": 0.5731128563638777,
      "bootstrap_mean_ci95_upper": 0.6236729612573981
    },
    "equalized_symbol_correlation": {
      "mean": 0.6200751581345685,
      "std": 0.16887902847267316,
      "median": 0.6378016471862793,
      "worst_decile": 0.8154994547367096,
      "bootstrap_mean_ci95_lower": 0.5879541294998489,
      "bootstrap_mean_ci95_upper": 0.6491649817908183
    },
    "mean_h_power": {
      "mean": 0.9748121036682278,
      "std": 0.4681851928319127,
      "median": 0.8810904026031494,
      "worst_decile": 1.5946935653686523,
      "bootstrap_mean_ci95_lower": 0.8979475039523095,
      "bootstrap_mean_ci95_upper": 1.0636302386410534
    },
    "median_h_power": {
      "mean": 0.768013492343016,
      "std": 0.42461109485830284,
      "median": 0.6562260389328003,
      "worst_decile": 1.2690778374671936,
      "bootstrap_mean_ci95_lower": 0.6982201314531267,
      "bootstrap_mean_ci95_upper": 0.8438377580605447
    },
    "minimum_h_power": {
      "mean": 0.05468476240430675,
      "std": 0.10674453319854793,
      "median": 0.017788076773285866,
      "worst_decile": 0.14298063218593596,
      "bootstrap_mean_ci95_lower": 0.03878788651546472,
      "bootstrap_mean_ci95_upper": 0.07327445503096897
    },
    "h_power_p05": {
      "mean": 0.11780702141550137,
      "std": 0.13322841785406092,
      "median": 0.0778040960431099,
      "worst_decile": 0.2282379552721977,
      "bootstrap_mean_ci95_lower": 0.0975232167984359,
      "bootstrap_mean_ci95_upper": 0.14118221373064443
    },
    "h_power_p10": {
      "mean": 0.18078039975080173,
      "std": 0.17460006475796588,
      "median": 0.13029812276363373,
      "worst_decile": 0.348218834400177,
      "bootstrap_mean_ci95_lower": 0.1526599070057273,
      "bootstrap_mean_ci95_upper": 0.211140302446438
    },
    "h_power_below_0_1_fraction": {
      "mean": 0.09013671880529728,
      "std": 0.07628540867666445,
      "median": 0.06666667014360428,
      "worst_decile": 0.1875,
      "bootstrap_mean_ci95_lower": 0.07721354176464956,
      "bootstrap_mean_ci95_upper": 0.10315755201736465
    },
    "h_power_below_0_01_fraction": {
      "mean": 0.009667969032307155,
      "std": 0.016136872619132308,
      "median": 0.0,
      "worst_decile": 0.030416667275130736,
      "bootstrap_mean_ci95_lower": 0.007031250206637196,
      "bootstrap_mean_ci95_upper": 0.01259765645954758
    },
    "oracle_empirical_minus_theory_db": {
      "mean": 0.019299061386846006,
      "std": 0.3269769891852693,
      "median": 0.00879494845867157,
      "worst_decile": 0.3483839511871338,
      "bootstrap_mean_ci95_lower": -0.034885154222138226,
      "bootstrap_mean_ci95_upper": 0.07509624829981476
    }
  },
  "10.0": {
    "post_eq_sinr_empirical_db": {
      "mean": 3.149251595430542,
      "std": 4.09857254019062,
      "median": 3.7395925521850586,
      "worst_decile": -2.8915167570114133,
      "bootstrap_mean_ci95_lower": 2.386616635019891,
      "bootstrap_mean_ci95_upper": 3.8360110769281164
    },
    "equalized_symbol_nmse": {
      "mean": 0.8727055087219924,
      "std": 1.6058306384268326,
      "median": 0.42069756984710693,
      "worst_decile": 1.9471817135810847,
      "bootstrap_mean_ci95_lower": 0.6466044272528961,
      "bootstrap_mean_ci95_upper": 1.188030746707227
    },
    "aggregate_layer_nmse": {
      "mean": 0.390028647496365,
      "std": 0.07743715681227756,
      "median": 0.3748810887336731,
      "worst_decile": 0.4871939003467559,
      "bootstrap_mean_ci95_lower": 0.37648613832425326,
      "bootstrap_mean_ci95_upper": 0.4035968442913145
    },
    "summed_latent_nmse": {
      "mean": 0.20875176298432052,
      "std": 0.0625390987985032,
      "median": 0.19036822021007538,
      "worst_decile": 0.2797161787748337,
      "bootstrap_mean_ci95_lower": 0.198832368128933,
      "bootstrap_mean_ci95_upper": 0.21965419978369027
    },
    "summed_latent_snr_db": {
      "mean": 6.958435468375683,
      "std": 1.1077944063846479,
      "median": 7.199250221252441,
      "worst_decile": 5.532889175415039,
      "bootstrap_mean_ci95_lower": 6.7651457861065865,