{
  "ablation": {
    "masking_value": 0.0,
    "mode": "codec_only",
    "protocols": [
      "all_layers",
      "leave_one_out",
      "prefix_keep"
    ]
  },
  "codec": {
    "checkpoint_path": "artifacts/codecs/speechtokenizer/speechtokenizer_hubert_avg/SpeechTokenizer.pt",
    "config_path": "configs/eval_layer_ablation.yaml",
    "n_q": 8,
    "representation_shape": [
      8,
      100,
      1024
    ],
    "sample_rate": 16000,
    "type": "speechtokenizer",
    "waveform_samples": 32000
  },
  "dataset": {
    "evaluated_items": 2,
    "manifest": "manifests/mini_librispeech/test.jsonl",
    "seed": 23,
    "split": "test"
  },
  "importance": {
    "base_layer_cumulative_threshold": 0.7,
    "base_layers": [
      0,
      1,
      2
    ],
    "estimator": "combined",
    "layer_importance_order": [
      1,
      0,
      2,
      5,
      3,
      4,
      6,
      7
    ],
    "layer_weights_mean_one": [
      1.94166249319324,
      3.2005598318623,
      0.9977143999551735,
      0.48498675119863677,
      0.46549436288066465,
      0.555663529678573,
      0.17695931561570644,
      0.17695931561570644
    ],
    "layer_weights_sum_one": [
      0.242707811649155,
      0.4000699789827875,
      0.12471429999439669,
      0.060623343899829596,
      0.05818679536008308,
      0.06945794120982163,
      0.022119914451963305,
      0.022119914451963305
    ],
    "leave_one_out_scores": [
      0.7817514452575051,
      0.8633154425219063,
      0.25997899618558434,
      0.1373504829541315,
      0.09889114083468448,
      0.15148901120983868,
      0.016868350347704567,
      0.012267458090149888
    ],
    "metric_weights": {
      "si_sdr": 0.5,
      "stft_l1": 0.25,
      "waveform_snr": 0.25
    },
    "prefix_marginal_scores": [
      0.004641069516544029,
      1.0,
      0.33306575334592053,
      0.13629355633943116,
      0.20767338684374875,
      0.16986959647865046,
      0.04110712994622403,
      0.01700142777037325
    ],
    "protocol_weights": {
      "leave_one_out": 0.7,
      "prefix_marginal": 0.3
    },
    "raw_scores": [
      0.5486183325352167,
      0.9043208097653344,
      0.28190502333368517,
      0.13703340496972138,
      0.13152581463740376,
      0.15700318679048222,
      0.05,
      0.05
    ]
  },
  "metrics": {
    "available": [
      "waveform_snr",
      "si_sdr",
      "stft_l1"
    ],
    "baseline": {
      "si_sdr": 2.432875394821167,
      "stft_l1": 0.049113679677248,
      "waveform_snr": 4.411647081375122
    },
    "errors": {},
    "leave_one_out_deltas": {
      "si_sdr": [
        5.190481424331665,
        7.766671419143677,
        1.9799520671367645,
        1.1080573946237564,
        0.7398074567317963,
        1.2896524369716644,
        0.12363499402999878,
        0.05467486381530762
      ],
      "stft_l1": [
        0.04364784434437752,
        0.019783899188041687,
        0.007629532366991043,
        0.003280654549598694,
        0.0028253085911273956,
        0.0012934990227222443,
        0.0008746571838855743,
        0.0010904967784881592
      ],
      "waveform_snr": [
        2.5571401715278625,
        3.235240250825882,
        1.1493512392044067,
        0.6111483573913574,
        0.4539905786514282,
        0.7901169061660767,
        0.05046045780181885,
        0.03237342834472656
      ]
    },
    "prefix_marginal_deltas": {
      "si_sdr": [
        -21.95649242401123,
        18.164515495300293,
        2.5682212114334106,
        0.8448654264211655,
        1.3244567550718784,
        1.1806115619838238,
        0.25202250480651855,
        0.05467486381530762
      ],
      "stft_l1": [
        0.0,
        0.027105674147605896,
        0.01105283759534359,
        0.005802758038043976,
        0.005723731592297554,
        0.0018764492124319077,
        0.0012521278113126755,
        0.0010904967784881592
      ],
      "waveform_snr": [
        0.027626057155430317,
        1.4881298942491412,
        0.9549644589424133,
        0.3542811870574951,
        0.7049285173416138,
        0.7146896123886108,
        0.13465392589569092,
        0.03237342834472656
      ]
    },
    "unavailable": [
      "stoi",
      "pesq",
      "visqol",
      "speaker_similarity",
      "wer"
    ]
  },
  "provenance": {
    "config_hash": "1e2daad52cbb8a44b034e197dd1b205ad3009f540c249e40d8dee6401d2d7108",
    "generated_by": "eval_layer_ablation.py",
    "git_commit": "66c5cbf1159bea212c3af29b4781d57664439e90",
    "manifest_hash": "ec6cd510d24334a8fe8961e05b5b364285e679c3f372e7d39c01c7b7dc1b4bd0",
    "timestamp_utc": "2026-07-13T13:44:31.125693+00:00"
  },
  "schema_version": 1
}
