{
  "aggregate": [
    {
      "csi_nmse_db": {
        "max": 14.711033938927102,
        "mean": 5.201617961640694,
        "median": 5.190892563044958,
        "min": -2.9332966653970036,
        "n": 100,
        "p05": -0.5180799022435455,
        "p95": 10.56578468458652,
        "std": 3.438486951954239
      },
      "csi_nmse_linear": {
        "max": 29.587167739868164,
        "mean": 4.569692158699036,
        "median": 3.3043744564056396,
        "min": 0.5089443922042847,
        "n": 100,
        "p05": 0.8875677198171615,
        "p95": 11.397894906997676,
        "std": 4.417470693597468
      },
      "estimated_csi_post_equalization_sinr_db": {
        "max": 9.133749961853027,
        "mean": 1.321133443955332,
        "median": 1.9090276956558228,
        "min": -17.587621688842773,
        "n": 100,
        "p05": -7.511306285858154,
        "p95": 7.220024991035461,
        "std": 4.442569609158832
      },
      "estimator": "block_frequency_ls",
      "jammer_type": "pilot",
      "oracle_csi_post_equalization_sinr_db": {
        "max": 2.895230770111084,
        "mean": -5.204546527191996,
        "median": -4.907110214233398,
        "min": -16.740161895751953,
        "n": 100,
        "p05": -12.237151050567627,
        "p95": 0.553074386715887,
        "std": 3.9963673984244816
      },
      "pilot_evm": {
        "max": 2.8980441093444824,
        "mean": 1.549426526427269,
        "median": 1.5096707344055176,
        "min": 0.8450552225112915,
        "n": 100,
        "p05": 1.0704405784606934,
        "p95": 2.101352870464325,
        "std": 0.3469473413512551
      },
      "requested_snr_db": 10.0,
      "sample_count": 100,
      "sinr_loss_vs_oracle_db": {
        "max": 6.6909260749816895,
        "mean": 0.22910839557647705,
        "median": 0.0,
        "min": 0.0,
        "n": 100,
        "p05": 0.0,
        "p95": 1.3336950778961136,
        "std": 0.9929662777298035
      }
    },
    {
      "csi_nmse_db": {
        "max": 14.959532550879274,
        "mean": 4.880048116882495,
        "median": 5.091971392986081,
        "min": -5.442443247369107,
        "n": 100,
        "p05": -1.6390045805860676,
        "p95": 11.015659165595196,
        "std": 3.8664307977690178
      },
      "csi_nmse_linear": {
        "max": 31.329484939575195,
        "mean": 4.530115356147289,
        "median": 3.2299599647521973,
        "min": 0.2855983376502991,
        "n": 100,
        "p05": 0.6860552996397019,
        "p95": 12.636862897872922,
        "std": 4.835693859017258
      },
      "estimated_csi_post_equalization_sinr_db": {
        "max": 8.277565002441406,
        "mean": 0.23460236970335246,
        "median": 0.3224335312843323,
        "min": -7.191972255706787,
        "n": 100,
        "p05": -4.3295917987823485,
        "p95": 4.463102984428406,
        "std": 2.932844852728878
      },
      "estimator": "dft_tap_ls",
      "jammer_type": "pilot",
      "oracle_csi_post_equalization_sinr_db": {
        "max": 2.895230770111084,
        "mean": -5.204546527191996,
        "median": -4.907110214233398,
        "min": -16.740161895751953,
        "n": 100,
        "p05": -12.237151050567627,
        "p95": 0.553074386715887,
        "std": 3.9963673984244816
      },
      "pilot_evm": {
        "max": 3.2338006496429443,
        "mean": 1.8436440819501876,
        "median": 1.8242027759552002,
        "min": 0.9410485625267029,
        "n": 100,
        "p05": 1.217683106660843,
        "p95": 2.5635972738265993,
        "std": 0.4386033177408886
      },
      "requested_snr_db": 10.0,
      "sample_count": 100,
      "sinr_loss_vs_oracle_db": {
        "max": 0.7680448293685913,
        "mean": 0.011174123287200927,
        "median": 0.0,
        "min": 0.0,
        "n": 100,
        "p05": 0.0,
        "p95": 0.0,
        "std": 0.08363398868876168
      }
    },
    {
      "csi_nmse_db": {
        "max": -120.0,
        "mean": -120.0,
        "median": -120.0,
        "min": -120.0,
        "n": 100,
        "p05": -120.0,
        "p95": -120.0,
        "std": 0.0
      },
      "csi_nmse_linear": {
        "max": 0.0,
        "mean": 0.0,
        "median": 0.0,
        "min": 0.0,
        "n": 100,
        "p05": 0.0,
        "p95": 0.0,
        "std": 0.0
      },
      "estimated_csi_post_equalization_sinr_db": {
        "max": 2.895230770111084,
        "mean": -5.204546527191996,
        "median": -4.907110214233398,
        "min": -16.740161895751953,
        "n": 100,
        "p05": -12.237151050567627,
        "p95": 0.553074386715887,
        "std": 3.9963673984244816
      },
      "estimator": "oracle",
      "jammer_type": "pilot",
      "oracle_csi_post_equalization_sinr_db": {
        "max": 2.895230770111084,
        "mean": -5.204546527191996,
        "median": -4.907110214233398,
        "min": -16.740161895751953,
        "n": 100,
        "p05": -12.237151050567627,
        "p95": 0.553074386715887,
        "std": 3.9963673984244816
      },
      "pilot_evm": {
        "max": 11.711467742919922,
        "mean": 4.45946171283722,
        "median": 4.153066635131836,
        "min": 2.1110849380493164,
        "n": 100,
        "p05": 2.3828301429748535,
        "p95": 7.769943332672119,
        "std": 1.6837467290786
      },
      "requested_snr_db": 10.0,
      "sample_count": 100,
      "sinr_loss_vs_oracle_db": {
        "max": 0.0,
        "mean": 0.0,
        "median": 0.0,
        "min": 0.0,
        "n": 100,
        "p05": 0.0,
        "p95": 0.0,
        "std": 0.0
      }
    }
  ],
  "metadata": {
    "block_fading": true,
    "channel_estimator": {
      "dft_convention": "torch_fft_forward",
      "estimator_num_taps": 6,
      "name": "dft_tap_ls",
      "pilot_time_averaging": true,
      "reconstruction_domain": "tap",
      "ridge_lambda": 1e-06,
      "uses_true_channel": false
    },
    "channel_model": "multipath_block",
    "config_hash": "3e44c3f77aed99b57b3129d02d436af85d3aea66036644ad25a2863b369ed65b",
    "estimators": [
      "block_frequency_ls",
      "dft_tap_ls",
      "oracle"
    ],
    "git_commit": "66c5cbf1159bea212c3af29b4781d57664439e90",
    "grid_shape": [
      32,
      16
    ],
    "ideal_cp": true,
    "pdp": "exponential",
    "pdp_decay": 0.7,
    "pilot_spacing": 4,
    "pilot_time_spacing": 4,
    "true_num_taps": 6
  }
}
