{
  "including_slot0": {
    "post_mmse_sinr_db": 7.417804413785537,
    "aggregate_layer_nmse": 0.44808738709737855,
    "summed_latent_nmse": 0.23824996474043778,
    "summed_latent_snr_db": 6.610426055267453,
    "si_sdr_db": -2.3005108272773214,
    "delta_si_sdr_db": -4.562499079213012,
    "waveform_snr_db": 2.5785244326513443,
    "delta_waveform_snr_db": -1.7999441616296583,
    "stft_ratio": 1.376362839515518,
    "csi_nmse": 0.011128566919789288,
    "pilot_evm": 0.39967819411928457,
    "allocation_reliability_metric": 4.170748696972926
  },
  "excluding_slot0": {
    "post_mmse_sinr_db": 7.427224942300685,
    "aggregate_layer_nmse": 0.4477360999931103,
    "summed_latent_nmse": 0.23826107883421832,
    "summed_latent_snr_db": 6.612092911881745,
    "si_sdr_db": -2.2505549802469513,
    "delta_si_sdr_db": -4.511737196198689,
    "waveform_snr_db": 2.5790045722233743,
    "delta_waveform_snr_db": -1.8017031153418843,
    "stft_ratio": 1.3779883302866203,
    "csi_nmse": 0.011033016173333784,
    "pilot_evm": 0.399664868674581,
    "allocation_reliability_metric": 4.168042473061375
  }
}