{
  "defined": true,
  "selected_snr_range_db": [
    5.0,
    15.0
  ],
  "selected_global_jsr_range_db": [
    -10.0,
    0.0
  ],
  "selected_burst_fractions": [
    0.125,
    0.25,
    0.5
  ],
  "active_window_jsr_ranges_db": {
    "0.125": [
      -0.9690999984741211,
      9.030900001525879
    ],
    "0.25": [
      -3.979399800300598,
      6.020600199699402
    ],
    "0.5": [
      -6.989699900150299,
      3.010300099849701
    ]
  },
  "boundary_evidence": {
    "passing_conditions": 25,
    "near_boundary_conditions": 2,
    "all_conditions_passed": true,
    "statement": "No failure boundary was identified within the evaluated J4 range."
  },
  "weakest_metric": "layer7_improvement",
  "weakest_layer": 7,
  "worst_tail_condition": {
    "snr_db": 5.0,
    "jsr_db": 0.0,
    "group": "unseen_speaker_unseen_utterance_unseen_channel",
    "realization_count": 16,
    "aggregate_normalized_mse_mean": 0.8567200533580035,
    "aggregate_normalized_mse_std": 0.035006289795744674,
    "aggregate_normalized_mse_worst_decile": 0.8922464363276958,
    "aggregate_normalized_mse_worst_sample": 0.9545833915472031,
    "aggregate_relative_improvement_over_zero_mean": 0.1432799466419965,
    "aggregate_relative_improvement_over_zero_std": 0.035006289795744674,
    "aggregate_relative_improvement_over_zero_worst_decile": 0.10775356367230415,
    "aggregate_relative_improvement_over_zero_worst_sample": 0.045416608452796936,
    "aggregate_pearson_correlation_mean": 0.33680655018542893,
    "aggregate_pearson_correlation_std": 0.04686146723243061,
    "aggregate_pearson_correlation_worst_decile": 0.28332109889015555,
    "aggregate_pearson_correlation_worst_sample": 0.225508077070117,
    "aggregate_power_ratio_mean": 0.19521879467356484,
    "aggregate_power_ratio_std": 0.021930163118486924,
    "aggregate_power_ratio_worst_decile": 0.17115378705784678,
    "aggregate_power_ratio_worst_sample": 0.1493569570593536,
    "layers1_to_7_relative_improvement_over_zero_mean": 0.08198145244802747,
    "layers1_to_7_relative_improvement_over_zero_std": 0.03674894585366125,
    "layers1_to_7_relative_improvement_over_zero_worst_decile": 0.0456882289477757,
    "layers1_to_7_relative_improvement_over_zero_worst_sample": -0.017228433064052036,
    "layers6_to_7_relative_improvement_over_zero_mean": 0.027262521907687187,
    "layers6_to_7_relative_improvement_over_zero_std": 0.03958305773953108,
    "layers6_to_7_relative_improvement_over_zero_worst_decile": -0.013605296611785889,
    "layers6_to_7_relative_improvement_over_zero_worst_sample": -0.01992189884185791,
    "layer7_relative_improvement_over_zero_mean": 0.01679733395576477,
    "layer7_relative_improvement_over_zero_std": 0.036671932929628656,
    "layer7_relative_improvement_over_zero_worst_decile": -0.03017944097518921,
    "layer7_relative_improvement_over_zero_worst_sample": -0.0452197790145874,
    "layer7_pearson_correlation_mean": 0.17433611769229174,
    "layer7_pearson_correlation_std": 0.07380281508408795,
    "layer7_pearson_correlation_worst_decile": 0.09839845448732376,
    "layer7_pearson_correlation_worst_sample": 0.010098032653331757,
    "layer7_power_ratio_mean": 0.09399257542099804,
    "layer7_power_ratio_std": 0.03211646650175758,
    "layer7_power_ratio_worst_decile": 0.050419365987181664,
    "layer7_power_ratio_worst_sample": 0.03096485324203968,
    "post_equalization_sinr_linear_mean": 0.401971569750458,
    "post_equalization_sinr_linear_std": 0.34325812575480863,
    "post_equalization_sinr_linear_worst_decile": 0.1096360869705677,
    "post_equalization_sinr_linear_worst_sample": 0.0939418226480484,
    "post_equalization_sinr_db_mean": -5.270528133351633,
    "post_equalization_sinr_db_std": 3.306140851879415,
    "post_equalization_sinr_db_worst_decile": -9.62155006799128,
    "post_equalization_sinr_db_worst_sample": -10.271410179412424,
    "csi_nmse_mean": 0.07366721041034907,
    "csi_nmse_std": 0.03482543914078051,
    "csi_nmse_worst_decile": 0.11309372261166573,
    "csi_nmse_worst_sample": 0.13269060850143433,
    "pilot_evm_mean": 1.1723561845719814,
    "pilot_evm_std": 0.35310563546165424,
    "pilot_evm_worst_decile": 1.60980623960495,
    "pilot_evm_worst_sample": 1.9691323041915894,
    "maximum_equalizer_gain_mean": 15.740453220903873,
    "maximum_equalizer_gain_std": 36.152756264480146,
    "maximum_equalizer_gain_worst_decile": 12.777708530426025,
    "maximum_equalizer_gain_worst_sample": 154.93154907226562,
    "pilot_overlap_fraction_mean": 0.125,
    "pilot_overlap_fraction_std": 0.0,
    "pilot_overlap_fraction_worst_decile": 0.125,
    "pilot_overlap_fraction_worst_sample": 0.125,
    "data_overlap_fraction_mean": 0.125,
    "data_overlap_fraction_std": 0.0,
    "data_overlap_fraction_worst_decile": 0.125,
    "data_overlap_fraction_worst_sample": 0.125,
    "realized_received_global_jsr_db_mean": 0.49614140624180436,
    "realized_received_global_jsr_db_std": 3.3846448706628944,
    "realized_received_global_jsr_db_worst_decile": 4.929998874664307,
    "realized_received_global_jsr_db_worst_sample": 6.878785133361816,
    "realized_received_active_window_jsr_db_mean": 9.588385790586472,
    "realized_received_active_window_jsr_db_std": 3.3920655015330907,
    "realized_received_active_window_jsr_db_worst_decile": 14.326481819152832,
    "realized_received_active_window_jsr_db_worst_sample": 16.387481689453125,
    "requested_fraction": 0.125,
    "aggregate_relative_improvement_over_zero_median": 0.1501926053315401,
    "aggregate_relative_improvement_over_zero_p10": 0.10775356367230415,
    "aggregate_relative_improvement_over_zero_p05": 0.08588269911706448,
    "aggregate_relative_improvement_over_zero_worst": 0.045416608452796936,
    "aggregate_relative_improvement_over_zero_below_5_percent_rate": 0.0625,
    "aggregate_relative_improvement_over_zero_below_2_percent_rate": 0.0,
    "aggregate_relative_improvement_over_zero_negative_rate": 0.0,
    "aggregate_relative_improvement_over_zero_nonpositive_rate": 0.0,
    "layers1_to_7_relative_improvement_over_zero_median": 0.08557615535599844,
    "layers1_to_7_relative_improvement_over_zero_p10": 0.0456882289477757,
    "layers1_to_7_relative_improvement_over_zero_p05": 0.02863005442278726,
    "layers1_to_7_relative_improvement_over_zero_worst": -0.017228433064052036,
    "layers1_to_7_relative_improvement_over_zero_below_5_percent_rate": 0.1875,
    "layers1_to_7_relative_improvement_over_zero_below_2_percent_rate": 0.0625,
    "layers1_to_7_relative_improvement_over_zero_negative_rate": 0.0625,
    "layers1_to_7_relative_improvement_over_zero_nonpositive_rate": 0.0625,
    "layers6_to_7_relative_improvement_over_zero_median": 0.011744216084480286,
    "layers6_to_7_relative_improvement_over_zero_p10": -0.013605296611785889,
    "layers6_to_7_relative_improvement_over_zero_p05": -0.019721291959285736,
    "layers6_to_7_relative_improvement_over_zero_worst": -0.01992189884185791,
    "layers6_to_7_relative_improvement_over_zero_below_5_percent_rate": 0.6875,
    "layers6_to_7_relative_improvement_over_zero_below_2_percent_rate": 0.5625,
    "layers6_to_7_relative_improvement_over_zero_negative_rate": 0.375,
    "layers6_to_7_relative_improvement_over_zero_nonpositive_rate": 0.375,
    "layer7_relative_improvement_over_zero_median": 0.01058533787727356,
    "layer7_relative_improvement_over_zero_p10": -0.03017944097518921,
    "layer7_relative_improvement_over_zero_p05": -0.03539636731147766,
    "layer7_relative_improvement_over_zero_worst": -0.0452197790145874,
    "layer7_relative_improvement_over_zero_below_5_percent_rate": 0.8125,
    "layer7_relative_improvement_over_zero_below_2_percent_rate": 0.5625,
    "layer7_relative_improvement_over_zero_negative_rate": 0.25,
    "layer7_relative_improvement_over_zero_nonpositive_rate": 0.25,
    "layer7_pearson_correlation_median": 0.17111774533987045,
    "layer7_pearson_correlation_p10": 0.09839845448732376,