layer,nmse
0,0.04875325784087181
1,0.05377812683582306
2,0.06307132542133331
3,0.08459079265594482
4,0.04613098129630089
5,0.04874933883547783
6,0.045772310346364975
7,0.03928842395544052
