{
  "aggregate": [
    {
      "csi_nmse_db": {
        "max": 1.3489219918881195,
        "mean": -4.5888534702865185,
        "median": -4.736073804524436,
        "min": -11.125058851187152,
        "n": 100,
        "p05": -8.58025309610015,
        "p95": -0.5229533634584174,
        "std": 2.6133675572272903
      },
      "csi_nmse_linear": {
        "max": 1.3642444610595703,
        "mean": 0.4149926418066025,
        "median": 0.33604127168655396,
        "min": 0.07717810571193695,
        "n": 100,
        "p05": 0.13866839110851287,
        "p95": 0.8865627080202102,
        "std": 0.2532394538222251
      },
      "data_evm": {
        "max": 57.74039077758789,
        "mean": 2.948589197397232,
        "median": 1.9145100116729736,
        "min": 0.7846775650978088,
        "n": 100,
        "p05": 1.0625584304332734,
        "p95": 5.306760787963866,
        "std": 5.657529710579645
      },
      "equalized_symbol_mse": {
        "max": 3333.95263671875,
        "mean": 40.70181978404522,
        "median": 3.665348768234253,
        "min": 0.6157189011573792,
        "n": 100,
        "p05": 1.1293249934911729,
        "p95": 28.17198400497435,
        "std": 331.11868013379353
      },
      "estimated_minus_oracle_sinr_db": {
        "max": 16.230775117874146,
        "mean": 3.8512552867457273,
        "median": 3.836162567138672,
        "min": -7.506819725036621,
        "n": 100,
        "p05": -3.3505470156669617,
        "p95": 10.913103801012037,
        "std": 4.539003331348813
      },
      "estimated_post_eq_sinr_db": {
        "db_of_mean_linear_sinr": 0.5733994477398245,
        "max": 8.23689079284668,
        "mean": -1.233633930720389,
        "mean_per_seed_sinr_db": -1.233633930720389,
        "median": -0.7930577397346497,
        "min": -14.981897354125977,
        "n": 100,
        "p05": -8.199652481079102,
        "p95": 4.589930868148802,
        "std": 4.214134773036963
      },
      "estimated_post_eq_sinr_linear": {
        "max": 6.663294792175293,
        "mean": 1.141142669506371,
        "median": 0.8330944180488586,
        "min": 0.03175486996769905,
        "n": 100,
        "p05": 0.1513774499297142,
        "p95": 2.8787146449089036,
        "std": 1.1680306613988343
      },
      "estimator": "block_frequency_ls",
      "jammer_type": "narrowband",
      "oracle_data_evm": {
        "max": 7.816666603088379,
        "mean": 2.112055757641792,
        "median": 1.762093186378479,
        "min": 0.6138086318969727,
        "n": 100,
        "p05": 0.802978128194809,
        "p95": 4.64079098701477,
        "std": 1.344702695599241
      },
      "oracle_equalized_symbol_mse": {
        "max": 61.10027313232422,
        "mean": 6.269004865288735,
        "median": 3.1049723625183105,
        "min": 0.3767610192298889,
        "n": 100,
        "p05": 0.6449710100889207,
        "p95": 21.537002849578858,
        "std": 9.654695185136198
      },
      "oracle_minus_estimated_sinr_db": {
        "max": 7.506819725036621,
        "mean": -3.8512552867457273,
        "median": -3.8778825998306274,
        "min": -16.230775117874146,
        "n": 100,
        "p05": -10.913103801012038,
        "p95": 3.3505470156669617,
        "std": 4.539003331348813
      },
      "oracle_post_eq_sinr_db": {
        "db_of_mean_linear_sinr": -2.880157088182086,
        "max": 4.262070178985596,
        "mean": -5.084889217466116,
        "mean_per_seed_sinr_db": -5.084889217466116,
        "median": -4.892845630645752,
        "min": -17.720745086669922,
        "n": 100,
        "p05": -13.35830316543579,
        "p95": 1.85738762617111,
        "std": 4.742083389134992
      },
      "oracle_post_eq_sinr_linear": {
        "max": 2.6681301593780518,
        "mean": 0.5152100086398422,
        "median": 0.3241271674633026,
        "min": 0.016901513561606407,
        "n": 100,
        "p05": 0.04614980798214674,
        "p95": 1.5347248017787927,
        "std": 0.5221524391467527
      },
      "pilot_evm": {
        "max": 1.629372000694275,
        "mean": 0.7805205464363099,
        "median": 0.7357431054115295,
        "min": 0.3254438042640686,
        "n": 100,
        "p05": 0.4275612816214561,
        "p95": 1.270744919776916,
        "std": 0.26804511536072656
      },
      "requested_snr_db": 10.0,
      "sample_count": 100
    },
    {
      "csi_nmse_db": {
        "max": 1.3277479540129866,
        "mean": -8.46815861372425,
        "median": -8.58026126141909,
        "min": -16.031030495792066,
        "n": 100,
        "p05": -14.47932713010843,
        "p95": -2.0189403812966575,
        "std": 3.85948131519699
      },
      "csi_nmse_linear": {
        "max": 1.3576092720031738,
        "mean": 0.21363479599356652,
        "median": 0.1386672407388687,
        "min": 0.02494002878665924,
        "n": 100,
        "p05": 0.03565130773931742,
        "p95": 0.6282132983207702,
        "std": 0.22760598632315357
      },
      "data_evm": {
        "max": 11.195524215698242,
        "mean": 1.93906973361969,
        "median": 1.4771274328231812,
        "min": 0.6186605095863342,
        "n": 100,
        "p05": 0.8236780107021332,
        "p95": 3.9569042444229123,
        "std": 1.498818359523141
      },
      "equalized_symbol_mse": {
        "max": 125.33975982666016,
        "mean": 6.006447924375534,
        "median": 2.181905508041382,
        "min": 0.3827407956123352,
        "n": 100,
        "p05": 0.6784482210874557,
        "p95": 15.657357645034788,
        "std": 14.613091682496997
      },
      "estimated_minus_oracle_sinr_db": {
        "max": 16.20074188709259,
        "mean": 2.398568158680573,
        "median": 1.9940526485443115,
        "min": -8.075751423835754,
        "n": 100,
        "p05": -3.2169860363006593,
        "p95": 9.691416096687316,
        "std": 3.9550837454480963
      },
      "estimated_post_eq_sinr_db": {
        "db_of_mean_linear_sinr": -1.2416123432146644,
        "max": 4.528334617614746,
        "mean": -2.686321058785543,
        "mean_per_seed_sinr_db": -2.686321058785543,
        "median": -2.314265251159668,
        "min": -16.459253311157227,
        "n": 100,
        "p05": -9.588120365142823,
        "p95": 2.999839556217193,
        "std": 3.9062850497401302
      },
      "estimated_post_eq_sinr_linear": {
        "max": 2.8368310928344727,
        "mean": 0.7513439014926553,
        "median": 0.5869126319885254,
        "min": 0.022598236799240112,
        "n": 100,
        "p05": 0.1100728452205658,
        "p95": 1.9954077541828152,
        "std": 0.5882156551368416
      },
      "estimator": "dft_tap_ls",
      "jammer_type": "narrowband",
      "oracle_data_evm": {
        "max": 7.816666603088379,
        "mean": 2.112055757641792,
        "median": 1.762093186378479,
        "min": 0.6138086318969727,
        "n": 100,
        "p05": 0.802978128194809,
        "p95": 4.64079098701477,
        "std": 1.344702695599241
      },
      "oracle_equalized_symbol_mse": {
        "max": 61.10027313232422,
        "mean": 6.269004865288735,
        "median": 3.1049723625183105,
        "min": 0.3767610192298889,
        "n": 100,
        "p05": 0.6449710100889207,
        "p95": 21.537002849578858,
        "std": 9.654695185136198
      },
      "oracle_minus_estimated_sinr_db": {
        "max": 8.075751423835754,
        "mean": -2.398568158680573,
        "median": -2.0589605569839478,
        "min": -16.20074188709259,
        "n": 100,
        "p05": -9.691416096687316,
        "p95": 3.216986036300659,
        "std": 3.9550837454480963
      },
      "oracle_post_eq_sinr_db": {
        "db_of_mean_linear_sinr": -2.880157088182086,
        "max": 4.262070178985596,
        "mean": -5.084889217466116,
        "mean_per_seed_sinr_db": -5.084889217466116,
        "median": -4.892845630645752,
        "min": -17.720745086669922,
        "n": 100,
        "p05": -13.35830316543579,
        "p95": 1.85738762617111,