{
  "aggregate": [
    {
      "csi_nmse_db": {
        "max": 1.3489219918881195,
        "mean": -4.5888534702865185,
        "median": -4.736073804524436,
        "min": -11.125058851187152,
        "n": 100,
        "p05": -8.58025309610015,
        "p95": -0.5229533634584174,
        "std": 2.6133675572272903
      },
      "csi_nmse_linear": {
        "max": 1.3642444610595703,
        "mean": 0.4149926418066025,
        "median": 0.33604127168655396,
        "min": 0.07717810571193695,
        "n": 100,
        "p05": 0.13866839110851287,
        "p95": 0.8865627080202102,
        "std": 0.2532394538222251
      },
      "estimated_csi_post_equalization_sinr_db": {
        "max": 8.114386558532715,
        "mean": -1.243492305073887,
        "median": -0.7747697234153748,
        "min": -14.856476783752441,
        "n": 100,
        "p05": -8.016644167900086,
        "p95": 4.538129663467405,
        "std": 4.162931672200279
      },
      "estimator": "block_frequency_ls",
      "jammer_type": "narrowband",
      "oracle_csi_post_equalization_sinr_db": {
        "max": 4.321039199829102,
        "mean": -5.067395564466715,
        "median": -4.834080219268799,
        "min": -17.47670555114746,
        "n": 100,
        "p05": -13.247814416885376,
        "p95": 1.9276559412479382,
        "std": 4.71162413902627
      },
      "pilot_evm": {
        "max": 1.629372000694275,
        "mean": 0.7805205464363099,
        "median": 0.7357431054115295,
        "min": 0.3254438042640686,
        "n": 100,
        "p05": 0.4275612816214561,
        "p95": 1.270744919776916,
        "std": 0.26804511536072656
      },
      "requested_snr_db": 10.0,
      "sample_count": 100,
      "sinr_loss_vs_oracle_db": {
        "max": 7.531164169311523,
        "mean": 0.512520100325346,
        "median": 0.0,
        "min": 0.0,
        "n": 100,
        "p05": 0.0,
        "p95": 3.442437899112701,
        "std": 1.3195108774615472
      }
    },
    {
      "csi_nmse_db": {
        "max": 1.3277479540129866,
        "mean": -8.46815861372425,
        "median": -8.58026126141909,
        "min": -16.031030495792066,
        "n": 100,
        "p05": -14.47932713010843,
        "p95": -2.0189403812966575,
        "std": 3.85948131519699
      },
      "csi_nmse_linear": {
        "max": 1.3576092720031738,
        "mean": 0.21363479599356652,
        "median": 0.1386672407388687,
        "min": 0.02494002878665924,
        "n": 100,
        "p05": 0.03565130773931742,
        "p95": 0.6282132983207702,
        "std": 0.22760598632315357
      },
      "estimated_csi_post_equalization_sinr_db": {
        "max": 4.571406364440918,
        "mean": -2.672314279638231,
        "median": -2.2035655975341797,
        "min": -16.38805389404297,
        "n": 100,
        "p05": -9.5121280670166,
        "p95": 3.098402404785156,
        "std": 3.8636487407357554
      },
      "estimator": "dft_tap_ls",
      "jammer_type": "narrowband",
      "oracle_csi_post_equalization_sinr_db": {
        "max": 4.321039199829102,
        "mean": -5.067395564466715,
        "median": -4.834080219268799,
        "min": -17.47670555114746,
        "n": 100,
        "p05": -13.247814416885376,
        "p95": 1.9276559412479382,
        "std": 4.71162413902627
      },
      "pilot_evm": {
        "max": 1.9569964408874512,
        "mean": 0.8440514361858368,
        "median": 0.8157742023468018,
        "min": 0.33929502964019775,
        "n": 100,
        "p05": 0.47062526643276215,
        "p95": 1.3752630770206449,
        "std": 0.30271296434869127
      },
      "requested_snr_db": 10.0,
      "sample_count": 100,
      "sinr_loss_vs_oracle_db": {
        "max": 8.125325918197632,
        "mean": 0.5442093305662274,
        "median": 0.0,
        "min": 0.0,
        "n": 100,
        "p05": 0.0,
        "p95": 3.13210380077362,
        "std": 1.267548872369305
      }
    },
    {
      "csi_nmse_db": {
        "max": -120.0,
        "mean": -120.0,
        "median": -120.0,
        "min": -120.0,
        "n": 100,
        "p05": -120.0,
        "p95": -120.0,
        "std": 0.0
      },
      "csi_nmse_linear": {
        "max": 0.0,
        "mean": 0.0,
        "median": 0.0,
        "min": 0.0,
        "n": 100,
        "p05": 0.0,
        "p95": 0.0,
        "std": 0.0
      },
      "estimated_csi_post_equalization_sinr_db": {
        "max": 4.321039199829102,
        "mean": -5.067395564466715,
        "median": -4.834080219268799,
        "min": -17.47670555114746,
        "n": 100,
        "p05": -13.247814416885376,
        "p95": 1.9276559412479382,
        "std": 4.71162413902627
      },
      "estimator": "oracle",
      "jammer_type": "narrowband",
      "oracle_csi_post_equalization_sinr_db": {
        "max": 4.321039199829102,
        "mean": -5.067395564466715,
        "median": -4.834080219268799,
        "min": -17.47670555114746,
        "n": 100,
        "p05": -13.247814416885376,
        "p95": 1.9276559412479382,
        "std": 4.71162413902627
      },
      "pilot_evm": {
        "max": 2.5818912982940674,
        "mean": 1.029666584134102,
        "median": 0.9332081079483032,
        "min": 0.40565139055252075,
        "n": 100,
        "p05": 0.5202012538909913,
        "p95": 1.7237269937992097,
        "std": 0.4173070498121564
      },
      "requested_snr_db": 10.0,
      "sample_count": 100,
      "sinr_loss_vs_oracle_db": {
        "max": 0.0,
        "mean": 0.0,
        "median": 0.0,
        "min": 0.0,
        "n": 100,
        "p05": 0.0,
        "p95": 0.0,
        "std": 0.0
      }
    }
  ],
  "metadata": {
    "block_fading": true,
    "channel_estimator": {
      "dft_convention": "torch_fft_forward",
      "estimator_num_taps": 6,
      "name": "dft_tap_ls",
      "pilot_time_averaging": true,
      "reconstruction_domain": "tap",
      "ridge_lambda": 1e-06,
      "uses_true_channel": false
    },
    "channel_model": "multipath_block",
    "config_hash": "3e44c3f77aed99b57b3129d02d436af85d3aea66036644ad25a2863b369ed65b",
    "estimators": [
      "block_frequency_ls",
      "dft_tap_ls",
      "oracle"
    ],
    "git_commit": "66c5cbf1159bea212c3af29b4781d57664439e90",
    "grid_shape": [
      32,
      16
    ],
    "ideal_cp": true,
    "pdp": "exponential",
    "pdp_decay": 0.7,
    "pilot_spacing": 4,
    "pilot_time_spacing": 4,
    "true_num_taps": 6
  }
}
